ProductName,Category,Brand,UnitPrice
Laptop,Health & Fitness,FakeZenithStyle,744
Puzzle,Arts & Crafts,FakeVelvetVista,821
Dog Collar,Pets,FakeLuxeAura,457
Air Conditioner,Electronics,FakeEtherealEdge,600
Air Purifier,Arts & Crafts,FakeUrbanGlow,406
Hiking Boots,Outdoor & Garden,FakeVelvetVista,665
Ski Goggles,Home Appliances,FakeZenithStyle,437
Fire Pit,Home & Furniture,FakeUrbanGlow,108
Keyboard,Home Appliances,FakeZenithStyle,686
Lamp,Electronics,FakeVelvetVista,296
Robot Vacuum,Sports & Recreation,FakeEtherealEdge,799
Bicycle,Outdoor & Garden,FakeVelvetVista,963
Electric Shaver,Pets,FakeVelvetVista,156
Badminton Set,Arts & Crafts,FakeLuxeAura,207
Drone,Outdoor & Garden,FakeVelvetVista,383
Garden Tools,Arts & Crafts,FakeEtherealEdge,368
Oven,Home & Furniture,FakeVelvetVista,822
Cat Tree,Kitchen & Dining,FakeEtherealEdge,884
Outdoor Umbrella,Outdoor & Garden,FakeEtherealEdge,178
Flashlight,Toys & Games,FakeZenithStyle,114
Backpack,Health & Fitness,FakeEtherealEdge,577
Sewing Machine,Home & Furniture,FakeVelvetVista,470
Camping Chair,Sports & Recreation,FakeVelvetVista,823
Electric Toothbrush,Home Appliances,FakeEtherealEdge,922
Blender,Home & Furniture,FakeVelvetVista,751
Suitcase,Health & Fitness,FakeUrbanGlow,267
Printer,Pets,FakeLuxeAura,112
Wetsuit,Kitchen & Dining,FakeVelvetVista,366
Refrigerator,Pets,FakeUrbanGlow,915
Binoculars,Home & Furniture,FakeVelvetVista,713
Helmet,Sports & Recreation,FakeVelvetVista,475
Snorkel Gear,Home Appliances,FakeUrbanGlow,284
BBQ Grill,Toys & Games,FakeUrbanGlow,964
Patio Furniture,Toys & Games,FakeLuxeAura,267
Bicycle,Pets,FakeVelvetVista,370
Building Blocks,Pets,FakeLuxeAura,129
Patio Furniture,Arts & Crafts,FakeLuxeAura,248
Air Purifier,Sports & Recreation,FakeUrbanGlow,706
Paddleboard,Pets,FakeEtherealEdge,608
Backpacking Stove,Arts & Crafts,FakeUrbanGlow,824
Bird Feeder,Kitchen & Dining,FakeZenithStyle,975
Snorkel Gear,Home Appliances,FakeUrbanGlow,142
Fishing Rod,Health & Fitness,FakeUrbanGlow,816
Hiking Backpack,Home & Furniture,FakeLuxeAura,592
Laser Printer,Arts & Crafts,FakeVelvetVista,641
Water Filter,Arts & Crafts,FakeLuxeAura,357
Monitor,Sports & Recreation,FakeZenithStyle,709
Electric Scooter,Sports & Recreation,FakeUrbanGlow,260
Kayak,Toys & Games,FakeZenithStyle,773
Hiking Backpack,Toys & Games,FakeEtherealEdge,939
Headphones,Home Appliances,FakeUrbanGlow,603
3D Printer,Electronics,FakeVelvetVista,182
Action Figure,Health & Fitness,FakeZenithStyle,617
Dehumidifier,Health & Fitness,FakeEtherealEdge,265
Patio Furniture,Arts & Crafts,FakeLuxeAura,169
Backpacking Stove,Electronics,FakeUrbanGlow,141
Surfboard,Toys & Games,FakeEtherealEdge,189
Water Filter,Electronics,FakeLuxeAura,830
Thermos,Arts & Crafts,FakeLuxeAura,622
Wi-Fi Extender,Home Appliances,FakeUrbanGlow,350
Tent,Outdoor & Garden,FakeLuxeAura,989
Washing Machine,Sports & Recreation,FakeEtherealEdge,574
Art Supplies,Health & Fitness,FakeUrbanGlow,811
Pet Toy,Electronics,FakeEtherealEdge,514
Paddleboard,Health & Fitness,FakeEtherealEdge,494
Water Bottle,Outdoor & Garden,FakeLuxeAura,418
Drone,Arts & Crafts,FakeVelvetVista,192
Bed,Home Appliances,FakeUrbanGlow,956
Grill,Electronics,FakeLuxeAura,242
Sled,Pets,FakeEtherealEdge,405
Toothpaste,Pets,FakeEtherealEdge,447
Lawn Sprinkler,Pets,FakeEtherealEdge,719
Helmet,Outdoor & Garden,FakeZenithStyle,732
Water Filter,Electronics,FakeEtherealEdge,294
Surfboard,Home Appliances,FakeVelvetVista,694
Electric Car,Health & Fitness,FakeLuxeAura,841
Bird Cage,Pets,FakeUrbanGlow,639
Bicycle,Kitchen & Dining,FakeLuxeAura,863
Snorkel Gear,Outdoor & Garden,FakeZenithStyle,532
Elliptical,Sports & Recreation,FakeEtherealEdge,991
Toy Car,Sports & Recreation,FakeZenithStyle,849
Home Security Camera,Electronics,FakeEtherealEdge,994
Backpack,Pets,FakeVelvetVista,666
Speaker,Kitchen & Dining,FakeUrbanGlow,537
Backpack,Outdoor & Garden,FakeVelvetVista,938
Showerhead,Outdoor & Garden,FakeUrbanGlow,292
Garden Hose,Health & Fitness,FakeVelvetVista,943
Fish Food,Health & Fitness,FakeZenithStyle,540
Helmet,Home & Furniture,FakeEtherealEdge,828
Cat Litter Box,Toys & Games,FakeZenithStyle,320
Wetsuit,Electronics,FakeUrbanGlow,641
Fitness Tracker,Home Appliances,FakeLuxeAura,978
Sewing Machine,Pets,FakeLuxeAura,920
Lawn Mower,Home & Furniture,FakeZenithStyle,422
Game Console,Home & Furniture,FakeZenithStyle,199
Speaker,Sports & Recreation,FakeEtherealEdge,291
Puzzle,Home Appliances,FakeZenithStyle,380
Pillow,Outdoor & Garden,FakeEtherealEdge,623
Robot Vacuum,Health & Fitness,FakeUrbanGlow,689
Smartwatch,Outdoor & Garden,FakeLuxeAura,241
Dishwasher,Sports & Recreation,FakeEtherealEdge,351
Pet Bed,Kitchen & Dining,FakeUrbanGlow,970
Aquarium,Outdoor & Garden,FakeVelvetVista,936
Keyboard,Kitchen & Dining,FakeVelvetVista,313
Speaker,Electronics,FakeLuxeAura,467
Headphones,Arts & Crafts,FakeZenithStyle,745
Fan,Health & Fitness,FakeZenithStyle,423
Tackle Box,Outdoor & Garden,FakeUrbanGlow,897
Outdoor Umbrella,Health & Fitness,FakeEtherealEdge,412
Fish Food,Kitchen & Dining,FakeUrbanGlow,205
Vacuum Cleaner,Kitchen & Dining,FakeLuxeAura,947
Plant Pot,Toys & Games,FakeEtherealEdge,443
Dog Leash,Home & Furniture,FakeUrbanGlow,548
Electric Toothbrush,Toys & Games,FakeVelvetVista,161
Fan,Health & Fitness,FakeEtherealEdge,494
Vacuum Cleaner,Pets,FakeVelvetVista,619
Water Filter,Home Appliances,FakeLuxeAura,380
Jacket,Pets,FakeLuxeAura,636
Electric Scooter,Home Appliances,FakeZenithStyle,945
External SSD,Sports & Recreation,FakeUrbanGlow,327
Supplement,Toys & Games,FakeVelvetVista,511
VR Headset,Kitchen & Dining,FakeVelvetVista,847
Garden Tools,Toys & Games,FakeUrbanGlow,193
Volleyball,Electronics,FakeLuxeAura,655
Bird Feeder,Pets,FakeVelvetVista,126
Grill,Health & Fitness,FakeVelvetVista,623
Hammock,Home Appliances,FakeLuxeAura,507
Doll,Kitchen & Dining,FakeVelvetVista,694
Drone,Electronics,FakeUrbanGlow,485
Headphones,Kitchen & Dining,FakeLuxeAura,484
Drone,Electronics,FakeLuxeAura,343
Snow Shovel,Home Appliances,FakeVelvetVista,470
Portable Hard Drive,Electronics,FakeVelvetVista,530
Speaker,Arts & Crafts,FakeEtherealEdge,891
3D Printer,Health & Fitness,FakeVelvetVista,535
Toy Car,Toys & Games,FakeVelvetVista,346
Hair Dryer,Outdoor & Garden,FakeEtherealEdge,124
Fitness Tracker,Sports & Recreation,FakeZenithStyle,279
Hammock,Kitchen & Dining,FakeUrbanGlow,326
Sewing Machine,Arts & Crafts,FakeLuxeAura,311
Sleeping Bag,Electronics,FakeLuxeAura,709
Dog Collar,Electronics,FakeVelvetVista,668
Sled,Health & Fitness,FakeLuxeAura,264
Flashlight,Pets,FakeLuxeAura,137
Lamp,Outdoor & Garden,FakeVelvetVista,353
Aquarium,Pets,FakeZenithStyle,577
Toy Car,Pets,FakeEtherealEdge,942
Snorkel Gear,Arts & Crafts,FakeZenithStyle,513
Electric Shaver,Home & Furniture,FakeLuxeAura,725
VR Headset,Kitchen & Dining,FakeLuxeAura,189
Basketball,Kitchen & Dining,FakeUrbanGlow,337
Soccer Ball,Sports & Recreation,FakeVelvetVista,153
Craft Kit,Pets,FakeZenithStyle,837
Garden Tools,Electronics,FakeUrbanGlow,278
Hair Dryer,Toys & Games,FakeVelvetVista,353
Portable Hard Drive,Sports & Recreation,FakeZenithStyle,159
Air Conditioner,Toys & Games,FakeLuxeAura,533
Wetsuit,Outdoor & Garden,FakeLuxeAura,697
Router,Arts & Crafts,FakeEtherealEdge,613
Blender,Arts & Crafts,FakeZenithStyle,395
Pet Bed,Home Appliances,FakeLuxeAura,407
Snowboard,Electronics,FakeZenithStyle,736
Sleeping Pad,Outdoor & Garden,FakeLuxeAura,276
Camping Tent,Pets,FakeUrbanGlow,848
Aquarium,Toys & Games,FakeVelvetVista,554
Volleyball,Arts & Crafts,FakeZenithStyle,611
Laser Printer,Toys & Games,FakeLuxeAura,893
Fish Food,Home & Furniture,FakeZenithStyle,204
Tablet,Toys & Games,FakeEtherealEdge,582
Fan,Home & Furniture,FakeZenithStyle,509
Camera,Pets,FakeZenithStyle,187
Pillow,Toys & Games,FakeUrbanGlow,269
Rain Jacket,Kitchen & Dining,FakeEtherealEdge,414
Robot Vacuum,Pets,FakeZenithStyle,430
Snorkel Gear,Sports & Recreation,FakeLuxeAura,329
Ice Skates,Health & Fitness,FakeVelvetVista,266
Dart Board,Kitchen & Dining,FakeUrbanGlow,694
Backpack,Arts & Crafts,FakeZenithStyle,349
Snow Shovel,Arts & Crafts,FakeLuxeAura,902
Bird Cage,Outdoor & Garden,FakeVelvetVista,126
Fishing Rod,Toys & Games,FakeLuxeAura,285
Pet Carrier,Kitchen & Dining,FakeEtherealEdge,252
Surfboard,Outdoor & Garden,FakeVelvetVista,850
VR Headset,Sports & Recreation,FakeEtherealEdge,492
Flashlight,Sports & Recreation,FakeEtherealEdge,886
Air Purifier,Outdoor & Garden,FakeZenithStyle,707
Electric Toothbrush,Sports & Recreation,FakeVelvetVista,284
Juicer,Home & Furniture,FakeEtherealEdge,730
Sheets,Electronics,FakeVelvetVista,552
Mattress,Electronics,FakeVelvetVista,289
Fan,Home & Furniture,FakeEtherealEdge,540
Keyboard,Home Appliances,FakeVelvetVista,782
Keyboard,Toys & Games,FakeVelvetVista,824
Sled,Health & Fitness,FakeZenithStyle,258
Electric Kettle,Kitchen & Dining,FakeZenithStyle,443
Soccer Ball,Sports & Recreation,FakeZenithStyle,253
Tennis Racket,Outdoor & Garden,FakeEtherealEdge,254
Sleeping Pad,Pets,FakeZenithStyle,999
Camping Tent,Home Appliances,FakeVelvetVista,898
Sheets,Kitchen & Dining,FakeZenithStyle,688
Tarp,Kitchen & Dining,FakeLuxeAura,212
Fan,Home & Furniture,FakeEtherealEdge,729
Cooler,Sports & Recreation,FakeZenithStyle,998
Dumbbells,Arts & Crafts,FakeUrbanGlow,921
Drone,Kitchen & Dining,FakeEtherealEdge,115
Fire Pit,Sports & Recreation,FakeVelvetVista,726
Fan,Outdoor & Garden,FakeUrbanGlow,657
Showerhead,Home & Furniture,FakeEtherealEdge,283
Baseball Glove,Sports & Recreation,FakeLuxeAura,143
Portable Hard Drive,Electronics,FakeVelvetVista,704
Bird Feeder,Outdoor & Garden,FakeUrbanGlow,339
Hiking Backpack,Home Appliances,FakeEtherealEdge,139
Board Game,Health & Fitness,FakeUrbanGlow,382
Ice Skates,Electronics,FakeVelvetVista,631
Washing Machine,Sports & Recreation,FakeVelvetVista,157
Thermos,Home & Furniture,FakeLuxeAura,194
Elliptical,Home Appliances,FakeZenithStyle,764
Doll,Outdoor & Garden,FakeUrbanGlow,310
Dog House,Home & Furniture,FakeVelvetVista,355
Memory Card,Home Appliances,FakeEtherealEdge,305
Electric Scooter,Kitchen & Dining,FakeZenithStyle,189
Lawn Mower,Toys & Games,FakeZenithStyle,884
Electric Kettle,Outdoor & Garden,FakeLuxeAura,555
Hair Dryer,Arts & Crafts,FakeLuxeAura,628
Fish Food,Outdoor & Garden,FakeZenithStyle,311
Fishing Rod,Sports & Recreation,FakeLuxeAura,297
Kayak,Home & Furniture,FakeUrbanGlow,588
BBQ Grill,Arts & Crafts,FakeUrbanGlow,689
Garden Tools,Health & Fitness,FakeZenithStyle,305
BBQ Grill,Pets,FakeVelvetVista,576
Game Console,Sports & Recreation,FakeVelvetVista,205
Doll,Toys & Games,FakeVelvetVista,253
Laser Printer,Home & Furniture,FakeUrbanGlow,796
Power Bank,Home & Furniture,FakeVelvetVista,353
Smartwatch,Home & Furniture,FakeZenithStyle,815
Pet Feeder,Outdoor & Garden,FakeZenithStyle,423
Smart Doorbell,Home Appliances,FakeVelvetVista,614
Washing Machine,Arts & Crafts,FakeLuxeAura,695
Aquarium,Outdoor & Garden,FakeUrbanGlow,492
Tarp,Home Appliances,FakeUrbanGlow,150
Hair Dryer,Electronics,FakeLuxeAura,242
Tennis Racket,Outdoor & Garden,FakeEtherealEdge,453
Puzzle,Electronics,FakeVelvetVista,334
Printer,Kitchen & Dining,FakeLuxeAura,380
Sleeping Bag,Electronics,FakeLuxeAura,153
Fitness Tracker,Outdoor & Garden,FakeEtherealEdge,648
Snorkel Gear,Outdoor & Garden,FakeLuxeAura,490
Camping Tent,Toys & Games,FakeVelvetVista,466
Thermos,Home & Furniture,FakeEtherealEdge,678
Smartwatch,Sports & Recreation,FakeLuxeAura,443
Board Game,Pets,FakeZenithStyle,403
Keyboard,Pets,FakeEtherealEdge,441
Plant Pot,Home & Furniture,FakeZenithStyle,934
Speaker,Health & Fitness,FakeLuxeAura,470
Game Console,Outdoor & Garden,FakeVelvetVista,130
Wi-Fi Extender,Toys & Games,FakeVelvetVista,382
Hiking Boots,Kitchen & Dining,FakeEtherealEdge,189
Sheets,Home Appliances,FakeEtherealEdge,732
Pet Feeder,Home & Furniture,FakeUrbanGlow,572
Hiking Backpack,Kitchen & Dining,FakeLuxeAura,665
Electric Car,Home Appliances,FakeEtherealEdge,205
Plant Pot,Home & Furniture,FakeZenithStyle,449
Smart Doorbell,Outdoor & Garden,FakeUrbanGlow,657
Printer,Kitchen & Dining,FakeEtherealEdge,963
Pillow,Toys & Games,FakeZenithStyle,905
Telescope,Electronics,FakeVelvetVista,149
Robot Vacuum,Sports & Recreation,FakeLuxeAura,298
Air Purifier,Kitchen & Dining,FakeLuxeAura,866
Laptop,Sports & Recreation,FakeLuxeAura,416
Board Game,Home & Furniture,FakeZenithStyle,184
Vacuum Cleaner,Electronics,FakeVelvetVista,857
Action Figure,Pets,FakeVelvetVista,644
Glasses,Sports & Recreation,FakeZenithStyle,712
Smart Doorbell,Arts & Crafts,FakeUrbanGlow,923
VR Headset,Home & Furniture,FakeVelvetVista,142
Camping Tent,Toys & Games,FakeEtherealEdge,166
Hiking Backpack,Pets,FakeEtherealEdge,559
Elliptical,Toys & Games,FakeZenithStyle,151
Robot Vacuum,Pets,FakeUrbanGlow,678
Dehumidifier,Electronics,FakeVelvetVista,651
Outdoor Umbrella,Electronics,FakeVelvetVista,639
Laptop,Outdoor & Garden,FakeVelvetVista,560
Portable Charger,Home Appliances,FakeUrbanGlow,451
Garden Hose,Toys & Games,FakeVelvetVista,716
Dart Board,Toys & Games,FakeEtherealEdge,325
Lamp,Home & Furniture,FakeEtherealEdge,478
Electric Kettle,Sports & Recreation,FakeEtherealEdge,922
Lamp,Electronics,FakeLuxeAura,787
Suitcase,Toys & Games,FakeUrbanGlow,392
Headphones,Arts & Crafts,FakeEtherealEdge,109
Cat Tree,Sports & Recreation,FakeVelvetVista,738
Treadmill,Pets,FakeLuxeAura,317
Puzzle,Arts & Crafts,FakeUrbanGlow,143
Sled,Electronics,FakeUrbanGlow,799
Juicer,Sports & Recreation,FakeEtherealEdge,108
Laser Printer,Home Appliances,FakeLuxeAura,274
Pet Toy,Home Appliances,FakeUrbanGlow,454
Pet Toy,Home & Furniture,FakeZenithStyle,401
Memory Card,Outdoor & Garden,FakeEtherealEdge,727
Tackle Box,Pets,FakeVelvetVista,406
Baseball Glove,Pets,FakeVelvetVista,731
Soap,Toys & Games,FakeEtherealEdge,444
Pet Toy,Home & Furniture,FakeLuxeAura,293
Helmet,Toys & Games,FakeVelvetVista,100
Electric Scooter,Home & Furniture,FakeEtherealEdge,677
Backpack,Kitchen & Dining,FakeZenithStyle,405
Aquarium,Home & Furniture,FakeLuxeAura,399
Portable Charger,Home & Furniture,FakeEtherealEdge,687
Volleyball,Kitchen & Dining,FakeEtherealEdge,594
Rain Jacket,Home Appliances,FakeEtherealEdge,914
Ski Goggles,Pets,FakeLuxeAura,810
Grill,Outdoor & Garden,FakeUrbanGlow,275
Water Filter,Outdoor & Garden,FakeUrbanGlow,370
Action Figure,Outdoor & Garden,FakeLuxeAura,486
Camera,Kitchen & Dining,FakeUrbanGlow,745
Grill,Health & Fitness,FakeVelvetVista,113
Wetsuit,Toys & Games,FakeEtherealEdge,353
Drone,Home Appliances,FakeLuxeAura,851
Electric Car,Arts & Crafts,FakeVelvetVista,364
VR Headset,Sports & Recreation,FakeUrbanGlow,639
Router,Toys & Games,FakeVelvetVista,847
Smartwatch,Pets,FakeLuxeAura,740
Sled,Sports & Recreation,FakeLuxeAura,132
Game Console,Home & Furniture,FakeLuxeAura,500
Backpacking Stove,Health & Fitness,FakeZenithStyle,361
Laptop,Sports & Recreation,FakeLuxeAura,321
Binoculars,Home Appliances,FakeVelvetVista,701
Game Console,Sports & Recreation,FakeUrbanGlow,844
Printer,Electronics,FakeVelvetVista,354
External SSD,Sports & Recreation,FakeVelvetVista,717
Air Conditioner,Arts & Crafts,FakeUrbanGlow,718
Snorkel Gear,Home Appliances,FakeZenithStyle,641
Tennis Racket,Arts & Crafts,FakeLuxeAura,830
Wi-Fi Extender,Toys & Games,FakeUrbanGlow,453
Pet Feeder,Electronics,FakeUrbanGlow,692
Game Console,Health & Fitness,FakeEtherealEdge,735
Portable Charger,Home Appliances,FakeZenithStyle,139
Blender,Pets,FakeLuxeAura,232
Cat Litter Box,Home Appliances,FakeZenithStyle,463
Doll,Home Appliances,FakeUrbanGlow,490
Outdoor Umbrella,Health & Fitness,FakeLuxeAura,607
Washing Machine,Outdoor & Garden,FakeEtherealEdge,232
Hammock,Outdoor & Garden,FakeLuxeAura,602
Bed,Arts & Crafts,FakeLuxeAura,757
Puzzle,Kitchen & Dining,FakeZenithStyle,899
Craft Kit,Sports & Recreation,FakeVelvetVista,960
Tackle Box,Arts & Crafts,FakeUrbanGlow,325
Power Bank,Pets,FakeEtherealEdge,270
Camera,Home & Furniture,FakeLuxeAura,596
Garden Hose,Health & Fitness,FakeVelvetVista,378
Laser Printer,Home & Furniture,FakeZenithStyle,206
Water Bottle,Electronics,FakeVelvetVista,894
Water Bottle,Toys & Games,FakeLuxeAura,310
Trekking Poles,Home Appliances,FakeZenithStyle,839
Patio Furniture,Toys & Games,FakeVelvetVista,240
Garden Hose,Pets,FakeEtherealEdge,840
Router,Home & Furniture,FakeLuxeAura,862
Lamp,Outdoor & Garden,FakeUrbanGlow,767
Refrigerator,Sports & Recreation,FakeLuxeAura,730
Sled,Outdoor & Garden,FakeLuxeAura,764
Kayak,Home Appliances,FakeLuxeAura,766
Binoculars,Health & Fitness,FakeUrbanGlow,205
Portable Charger,Sports & Recreation,FakeUrbanGlow,104
Dumbbells,Toys & Games,FakeEtherealEdge,262
Electric Car,Kitchen & Dining,FakeLuxeAura,281
Rain Jacket,Toys & Games,FakeVelvetVista,814
Juicer,Home Appliances,FakeZenithStyle,752
Fish Food,Arts & Crafts,FakeLuxeAura,343
Paddleboard,Arts & Crafts,FakeZenithStyle,359
Projector,Home Appliances,FakeVelvetVista,477
Mattress,Home Appliances,FakeEtherealEdge,737
Fish Food,Electronics,FakeVelvetVista,484
Dog Collar,Outdoor & Garden,FakeVelvetVista,326
Portable Charger,Pets,FakeUrbanGlow,777
Telescope,Pets,FakeUrbanGlow,674
Bicycle,Sports & Recreation,FakeZenithStyle,775
Memory Card,Home Appliances,FakeEtherealEdge,454
Toy Car,Health & Fitness,FakeLuxeAura,233
Tackle Box,Home Appliances,FakeUrbanGlow,534
Fish Food,Outdoor & Garden,FakeVelvetVista,482
Game Console,Kitchen & Dining,FakeUrbanGlow,812
Cooler,Toys & Games,FakeUrbanGlow,431
Water Filter,Home & Furniture,FakeEtherealEdge,502
Antivirus,Sports & Recreation,FakeLuxeAura,379
Board Game,Home & Furniture,FakeEtherealEdge,482
Pet Carrier,Home & Furniture,FakeVelvetVista,496
Humidifier,Home & Furniture,FakeLuxeAura,567
Humidifier,Kitchen & Dining,FakeVelvetVista,659
Dehumidifier,Home Appliances,FakeLuxeAura,633
Home Security Camera,Home Appliances,FakeZenithStyle,497
Badminton Set,Arts & Crafts,FakeLuxeAura,512
Stove,Toys & Games,FakeLuxeAura,385
Pillow,Electronics,FakeEtherealEdge,863
Bird Cage,Home Appliances,FakeLuxeAura,495
Backpacking Stove,Home Appliances,FakeZenithStyle,805
Tent,Outdoor & Garden,FakeVelvetVista,951
Fishing Rod,Home & Furniture,FakeZenithStyle,527
Aquarium,Home Appliances,FakeEtherealEdge,530
Washing Machine,Health & Fitness,FakeZenithStyle,361
Ski Goggles,Home & Furniture,FakeZenithStyle,494
Cat Litter Box,Home & Furniture,FakeZenithStyle,899
Fan,Arts & Crafts,FakeLuxeAura,562
Thermos,Home & Furniture,FakeZenithStyle,367
Portable Charger,Toys & Games,FakeVelvetVista,104
Backpack,Kitchen & Dining,FakeUrbanGlow,127
Soccer Ball,Kitchen & Dining,FakeZenithStyle,691
Jacket,Home & Furniture,FakeLuxeAura,357
Sleeping Bag,Kitchen & Dining,FakeVelvetVista,874
Humidifier,Kitchen & Dining,FakeEtherealEdge,625
Portable Hard Drive,Arts & Crafts,FakeVelvetVista,975
Flashlight,Kitchen & Dining,FakeVelvetVista,691
Smart Thermostat,Home Appliances,FakeUrbanGlow,872
Garden Hose,Arts & Crafts,FakeEtherealEdge,650
Cat Tree,Electronics,FakeUrbanGlow,726
Fan,Health & Fitness,FakeEtherealEdge,457
Ping Pong Table,Outdoor & Garden,FakeLuxeAura,316
Home Security Camera,Electronics,FakeLuxeAura,505
Sewing Machine,Home Appliances,FakeUrbanGlow,203
Humidifier,Kitchen & Dining,FakeUrbanGlow,189
Smartphone,Outdoor & Garden,FakeZenithStyle,724
Fitness Tracker,Home & Furniture,FakeUrbanGlow,590
Soap,Electronics,FakeEtherealEdge,329
Monitor,Sports & Recreation,FakeZenithStyle,210
Ski Goggles,Kitchen & Dining,FakeUrbanGlow,112
Sleeping Bag,Toys & Games,FakeUrbanGlow,446
Smart Light,Health & Fitness,FakeEtherealEdge,615
Thermos,Toys & Games,FakeEtherealEdge,184
Baseball Glove,Home & Furniture,FakeLuxeAura,813
Air Conditioner,Sports & Recreation,FakeLuxeAura,747
Washing Machine,Arts & Crafts,FakeVelvetVista,337
Garden Hose,Arts & Crafts,FakeUrbanGlow,617
Dehumidifier,Pets,FakeZenithStyle,645
Air Conditioner,Pets,FakeUrbanGlow,860
Ski Goggles,Health & Fitness,FakeLuxeAura,605
Drone,Outdoor & Garden,FakeEtherealEdge,931
Cat Litter Box,Sports & Recreation,FakeVelvetVista,501
Smart Thermostat,Sports & Recreation,FakeUrbanGlow,588
Oven,Home & Furniture,FakeVelvetVista,280
Electric Scooter,Sports & Recreation,FakeLuxeAura,966
Garden Hose,Pets,FakeUrbanGlow,579
Surfboard,Outdoor & Garden,FakeLuxeAura,108
Fan,Pets,FakeVelvetVista,761
VR Headset,Sports & Recreation,FakeLuxeAura,910
Pillow,Home Appliances,FakeUrbanGlow,469
Ping Pong Table,Sports & Recreation,FakeUrbanGlow,346
Pet Carrier,Kitchen & Dining,FakeZenithStyle,868
Fish Food,Outdoor & Garden,FakeVelvetVista,436
Washing Machine,Sports & Recreation,FakeUrbanGlow,549
Treadmill,Sports & Recreation,FakeZenithStyle,597
Blender,Pets,FakeLuxeAura,296
Soccer Ball,Arts & Crafts,FakeZenithStyle,394
Electric Shaver,Arts & Crafts,FakeLuxeAura,380
Electric Car,Kitchen & Dining,FakeZenithStyle,296
Fish Food,Outdoor & Garden,FakeUrbanGlow,559
Patio Furniture,Toys & Games,FakeLuxeAura,121
Sleeping Bag,Toys & Games,FakeUrbanGlow,745
Earbuds,Arts & Crafts,FakeLuxeAura,775
Air Purifier,Health & Fitness,FakeLuxeAura,257
Toy Car,Outdoor & Garden,FakeUrbanGlow,715
Coffee Maker,Outdoor & Garden,FakeUrbanGlow,843
Snorkel Gear,Pets,FakeZenithStyle,648
Flashlight,Home Appliances,FakeVelvetVista,426
Plant Pot,Electronics,FakeLuxeAura,591
Bed,Sports & Recreation,FakeUrbanGlow,812
Monitor,Sports & Recreation,FakeEtherealEdge,778
Electric Kettle,Toys & Games,FakeUrbanGlow,902
Elliptical,Health & Fitness,FakeEtherealEdge,311
Electric Scooter,Health & Fitness,FakeVelvetVista,452
Sewing Machine,Home Appliances,FakeEtherealEdge,391
Backpack,Home & Furniture,FakeVelvetVista,628
Treadmill,Home & Furniture,FakeVelvetVista,688
Speaker,Health & Fitness,FakeLuxeAura,250
Oven,Home & Furniture,FakeUrbanGlow,398
Electric Scooter,Sports & Recreation,FakeLuxeAura,564
Ski Goggles,Toys & Games,FakeUrbanGlow,715
Bird Cage,Electronics,FakeVelvetVista,987
Flashlight,Outdoor & Garden,FakeVelvetVista,543
Keyboard,Sports & Recreation,FakeZenithStyle,779
Air Purifier,Electronics,FakeVelvetVista,706
Showerhead,Kitchen & Dining,FakeUrbanGlow,507
Sewing Machine,Home Appliances,FakeZenithStyle,231
Stove,Health & Fitness,FakeEtherealEdge,794
Sheets,Home & Furniture,FakeUrbanGlow,387
Telescope,Home & Furniture,FakeZenithStyle,493
Electric Kettle,Toys & Games,FakeEtherealEdge,386
Antivirus,Outdoor & Garden,FakeVelvetVista,350
Ski Goggles,Health & Fitness,FakeZenithStyle,585
Outdoor Umbrella,Pets,FakeLuxeAura,422
Flashlight,Outdoor & Garden,FakeUrbanGlow,845
Pet Carrier,Health & Fitness,FakeEtherealEdge,167
Sled,Home & Furniture,FakeZenithStyle,677
Cooler,Pets,FakeVelvetVista,629
Tablet,Sports & Recreation,FakeEtherealEdge,955
Flashlight,Sports & Recreation,FakeLuxeAura,535
Fish Food,Sports & Recreation,FakeZenithStyle,686
Sewing Machine,Sports & Recreation,FakeEtherealEdge,660
Snorkel Gear,Health & Fitness,FakeEtherealEdge,143
Tennis Racket,Sports & Recreation,FakeZenithStyle,392
Trekking Poles,Toys & Games,FakeVelvetVista,151
Home Security Camera,Kitchen & Dining,FakeUrbanGlow,521
Dog Leash,Toys & Games,FakeEtherealEdge,818
Bird Feeder,Home & Furniture,FakeVelvetVista,634
Dog Collar,Kitchen & Dining,FakeLuxeAura,163
Showerhead,Outdoor & Garden,FakeZenithStyle,588
Electric Kettle,Kitchen & Dining,FakeVelvetVista,376
Water Filter,Arts & Crafts,FakeVelvetVista,226
Air Purifier,Kitchen & Dining,FakeUrbanGlow,727
Smartphone,Pets,FakeZenithStyle,511
Cooler,Sports & Recreation,FakeLuxeAura,323
Sleeping Pad,Electronics,FakeZenithStyle,309
Wi-Fi Extender,Kitchen & Dining,FakeVelvetVista,498
Tarp,Toys & Games,FakeUrbanGlow,149
Wi-Fi Extender,Sports & Recreation,FakeZenithStyle,803
Pet Toy,Electronics,FakeVelvetVista,884
Grill,Arts & Crafts,FakeUrbanGlow,925
Dog House,Health & Fitness,FakeUrbanGlow,596
Ping Pong Table,Arts & Crafts,FakeZenithStyle,550
Fish Food,Sports & Recreation,FakeLuxeAura,493
Refrigerator,Outdoor & Garden,FakeLuxeAura,886
Projector,Arts & Crafts,FakeEtherealEdge,658
Hiking Boots,Home & Furniture,FakeUrbanGlow,811
Hammock,Toys & Games,FakeUrbanGlow,233
Bluetooth Speaker,Toys & Games,FakeUrbanGlow,146
Hiking Backpack,Outdoor & Garden,FakeZenithStyle,779
Humidifier,Health & Fitness,FakeZenithStyle,800
Projector,Outdoor & Garden,FakeVelvetVista,213
Lawn Sprinkler,Kitchen & Dining,FakeZenithStyle,325
Cooler,Sports & Recreation,FakeVelvetVista,216
Lawn Mower,Outdoor & Garden,FakeLuxeAura,947
Patio Furniture,Pets,FakeZenithStyle,172
Pet Carrier,Pets,FakeZenithStyle,209
Soap,Electronics,FakeVelvetVista,143
Electric Car,Health & Fitness,FakeVelvetVista,287
Volleyball,Pets,FakeUrbanGlow,475
Sleeping Bag,Sports & Recreation,FakeEtherealEdge,862
Telescope,Sports & Recreation,FakeLuxeAura,772
Memory Card,Home & Furniture,FakeVelvetVista,844
Refrigerator,Pets,FakeZenithStyle,448
Air Purifier,Home Appliances,FakeVelvetVista,487
Smart Doorbell,Arts & Crafts,FakeZenithStyle,258
Garden Hose,Electronics,FakeLuxeAura,792
Hiking Boots,Home Appliances,FakeEtherealEdge,840
Backpacking Stove,Arts & Crafts,FakeEtherealEdge,960
Patio Furniture,Outdoor & Garden,FakeEtherealEdge,553
Ping Pong Table,Sports & Recreation,FakeVelvetVista,518
Dehumidifier,Home & Furniture,FakeZenithStyle,907
Sled,Electronics,FakeLuxeAura,763
Bicycle,Toys & Games,FakeEtherealEdge,794
Hiking Backpack,Kitchen & Dining,FakeLuxeAura,701
Sewing Machine,Home & Furniture,FakeUrbanGlow,265
Vacuum Cleaner,Electronics,FakeUrbanGlow,575
Electric Kettle,Sports & Recreation,FakeVelvetVista,433
Oven,Arts & Crafts,FakeUrbanGlow,954
Toothpaste,Pets,FakeEtherealEdge,462
Ski Goggles,Toys & Games,FakeUrbanGlow,971
Fitness Tracker,Home & Furniture,FakeZenithStyle,353
Hammock,Sports & Recreation,FakeVelvetVista,168
Wi-Fi Extender,Health & Fitness,FakeZenithStyle,441
Printer,Outdoor & Garden,FakeLuxeAura,326
Electric Toothbrush,Home & Furniture,FakeLuxeAura,793
VR Headset,Electronics,FakeEtherealEdge,985
Air Conditioner,Sports & Recreation,FakeZenithStyle,756
Robot Vacuum,Health & Fitness,FakeEtherealEdge,430
Humidifier,Home & Furniture,FakeEtherealEdge,462
Ski Poles,Toys & Games,FakeVelvetVista,718
Water Bottle,Health & Fitness,FakeZenithStyle,671
Stove,Outdoor & Garden,FakeEtherealEdge,382
Volleyball,Pets,FakeEtherealEdge,190
Memory Card,Home & Furniture,FakeZenithStyle,420
Printer,Outdoor & Garden,FakeVelvetVista,725
Fish Food,Pets,FakeLuxeAura,729
Coffee Maker,Arts & Crafts,FakeUrbanGlow,217
Yoga Mat,Sports & Recreation,FakeEtherealEdge,106
Fire Pit,Kitchen & Dining,FakeEtherealEdge,808
Building Blocks,Sports & Recreation,FakeZenithStyle,126
Portable Hard Drive,Health & Fitness,FakeUrbanGlow,886
Rain Jacket,Home Appliances,FakeLuxeAura,433
Projector,Health & Fitness,FakeEtherealEdge,181
Life Jacket,Toys & Games,FakeVelvetVista,120
Aquarium,Kitchen & Dining,FakeEtherealEdge,718
Lamp,Toys & Games,FakeEtherealEdge,947
Patio Furniture,Outdoor & Garden,FakeEtherealEdge,692
Printer,Sports & Recreation,FakeEtherealEdge,645
Building Blocks,Outdoor & Garden,FakeUrbanGlow,569
Printer,Electronics,FakeZenithStyle,226
Lawn Mower,Electronics,FakeEtherealEdge,728
Ski Poles,Home & Furniture,FakeLuxeAura,907
Pet Feeder,Toys & Games,FakeUrbanGlow,265
Action Figure,Toys & Games,FakeVelvetVista,372
Cat Litter Box,Electronics,FakeZenithStyle,263
Action Figure,Health & Fitness,FakeLuxeAura,625
Bird Feeder,Arts & Crafts,FakeZenithStyle,307
Flashlight,Home Appliances,FakeVelvetVista,960
Fishing Rod,Sports & Recreation,FakeZenithStyle,885
Craft Kit,Sports & Recreation,FakeUrbanGlow,812
Smart Thermostat,Home Appliances,FakeVelvetVista,290
Speaker,Outdoor & Garden,FakeUrbanGlow,615
Telescope,Health & Fitness,FakeZenithStyle,864
Suitcase,Electronics,FakeUrbanGlow,666
Ski Poles,Home Appliances,FakeUrbanGlow,308
Fitness Tracker,Arts & Crafts,FakeZenithStyle,252
Ping Pong Table,Kitchen & Dining,FakeEtherealEdge,834
Fitness Tracker,Home Appliances,FakeUrbanGlow,719
Treadmill,Arts & Crafts,FakeLuxeAura,369
Sheets,Sports & Recreation,FakeVelvetVista,619
Dishwasher,Outdoor & Garden,FakeLuxeAura,353
Smart Doorbell,Outdoor & Garden,FakeUrbanGlow,227
Smart Doorbell,Pets,FakeVelvetVista,543
Outdoor Umbrella,Sports & Recreation,FakeUrbanGlow,199
Snorkel Gear,Arts & Crafts,FakeVelvetVista,710
Smart Doorbell,Electronics,FakeUrbanGlow,812
Bluetooth Speaker,Home & Furniture,FakeVelvetVista,655
Water Filter,Home & Furniture,FakeVelvetVista,215
Headphones,Kitchen & Dining,FakeEtherealEdge,435
Humidifier,Pets,FakeUrbanGlow,753
Lawn Sprinkler,Arts & Crafts,FakeZenithStyle,171
Puzzle,Arts & Crafts,FakeLuxeAura,625
Air Purifier,Pets,FakeEtherealEdge,247
Fish Food,Health & Fitness,FakeEtherealEdge,238
Plant Pot,Toys & Games,FakeEtherealEdge,498
Grill,Home & Furniture,FakeVelvetVista,698
Telescope,Electronics,FakeEtherealEdge,929
Sleeping Bag,Home & Furniture,FakeZenithStyle,934
Cat Tree,Health & Fitness,FakeUrbanGlow,448
Microwave,Outdoor & Garden,FakeLuxeAura,902
Sled,Home Appliances,FakeUrbanGlow,578
Refrigerator,Health & Fitness,FakeEtherealEdge,787
Refrigerator,Kitchen & Dining,FakeEtherealEdge,974
Game Console,Home & Furniture,FakeEtherealEdge,951
Building Blocks,Sports & Recreation,FakeVelvetVista,933
Juicer,Electronics,FakeVelvetVista,260
Grill,Home & Furniture,FakeEtherealEdge,774
Treadmill,Arts & Crafts,FakeEtherealEdge,531
Toothpaste,Arts & Crafts,FakeLuxeAura,704
Water Filter,Toys & Games,FakeLuxeAura,987
Keyboard,Outdoor & Garden,FakeLuxeAura,156
Snorkel Gear,Pets,FakeUrbanGlow,223
Electric Shaver,Pets,FakeZenithStyle,909
Sleeping Pad,Electronics,FakeZenithStyle,190
Antivirus,Kitchen & Dining,FakeUrbanGlow,977
Electric Car,Toys & Games,FakeVelvetVista,808
Fire Pit,Pets,FakeZenithStyle,581
Treadmill,Sports & Recreation,FakeVelvetVista,982
Toothpaste,Electronics,FakeLuxeAura,716
Hiking Backpack,Toys & Games,FakeZenithStyle,104
Cat Tree,Outdoor & Garden,FakeZenithStyle,471
Building Blocks,Sports & Recreation,FakeUrbanGlow,982
Snowboard,Outdoor & Garden,FakeUrbanGlow,807
Wi-Fi Extender,Home & Furniture,FakeUrbanGlow,285
Antivirus,Kitchen & Dining,FakeUrbanGlow,582
Telescope,Home & Furniture,FakeUrbanGlow,136
Snorkel Gear,Arts & Crafts,FakeEtherealEdge,688
Router,Home Appliances,FakeVelvetVista,805
Helmet,Outdoor & Garden,FakeLuxeAura,809
Lamp,Pets,FakeZenithStyle,791
Headphones,Home Appliances,FakeZenithStyle,376
Flashlight,Outdoor & Garden,FakeVelvetVista,357
Garden Hose,Home & Furniture,FakeZenithStyle,129
Electric Kettle,Home Appliances,FakeUrbanGlow,993
Vacuum Cleaner,Electronics,FakeUrbanGlow,864
Wi-Fi Extender,Kitchen & Dining,FakeLuxeAura,982
Camping Chair,Kitchen & Dining,FakeVelvetVista,653
Kayak,Electronics,FakeVelvetVista,701
Smartphone,Sports & Recreation,FakeUrbanGlow,682
Flashlight,Kitchen & Dining,FakeZenithStyle,183
Fitness Tracker,Sports & Recreation,FakeVelvetVista,535
Helmet,Electronics,FakeZenithStyle,698
Hiking Backpack,Home & Furniture,FakeUrbanGlow,900
Pet Feeder,Health & Fitness,FakeZenithStyle,227
Action Figure,Toys & Games,FakeVelvetVista,978
Laser Printer,Home & Furniture,FakeEtherealEdge,835
Wetsuit,Kitchen & Dining,FakeUrbanGlow,862
Bicycle,Kitchen & Dining,FakeUrbanGlow,799
Soap,Kitchen & Dining,FakeZenithStyle,606
Binoculars,Sports & Recreation,FakeUrbanGlow,704
External SSD,Outdoor & Garden,FakeZenithStyle,648
Sleeping Bag,Sports & Recreation,FakeUrbanGlow,941
BBQ Grill,Kitchen & Dining,FakeVelvetVista,359
Headphones,Health & Fitness,FakeEtherealEdge,759
Hammock,Sports & Recreation,FakeVelvetVista,995
Laptop,Health & Fitness,FakeVelvetVista,661
Bird Feeder,Electronics,FakeUrbanGlow,651
Vacuum Cleaner,Home Appliances,FakeUrbanGlow,692
Doll,Electronics,FakeVelvetVista,663
Hair Dryer,Electronics,FakeVelvetVista,576
Garden Hose,Arts & Crafts,FakeLuxeAura,195
Vacuum Cleaner,Outdoor & Garden,FakeZenithStyle,582
BBQ Grill,Home Appliances,FakeVelvetVista,409
Water Filter,Health & Fitness,FakeVelvetVista,778
Bird Cage,Electronics,FakeEtherealEdge,530
Plant Pot,Home & Furniture,FakeLuxeAura,346
Puzzle,Sports & Recreation,FakeLuxeAura,302
Puzzle,Kitchen & Dining,FakeVelvetVista,823
Toy Car,Outdoor & Garden,FakeUrbanGlow,832
Electric Shaver,Pets,FakeVelvetVista,915
Outdoor Umbrella,Outdoor & Garden,FakeEtherealEdge,884
Suitcase,Arts & Crafts,FakeLuxeAura,652
Ice Skates,Health & Fitness,FakeEtherealEdge,535
Router,Health & Fitness,FakeUrbanGlow,761
Snorkel Gear,Home & Furniture,FakeUrbanGlow,973
Lamp,Electronics,FakeVelvetVista,589
Puzzle,Pets,FakeVelvetVista,653
Wi-Fi Extender,Arts & Crafts,FakeZenithStyle,528
Refrigerator,Kitchen & Dining,FakeZenithStyle,997
Showerhead,Kitchen & Dining,FakeVelvetVista,240
Action Figure,Sports & Recreation,FakeZenithStyle,797
Cat Tree,Electronics,FakeUrbanGlow,360
Mattress,Home Appliances,FakeUrbanGlow,819
Printer,Sports & Recreation,FakeLuxeAura,354
Speaker,Arts & Crafts,FakeVelvetVista,106
Robot Vacuum,Kitchen & Dining,FakeLuxeAura,822
Bicycle,Toys & Games,FakeZenithStyle,961
Wi-Fi Extender,Electronics,FakeUrbanGlow,851
Hair Dryer,Sports & Recreation,FakeZenithStyle,130
Trekking Poles,Kitchen & Dining,FakeVelvetVista,254
Earbuds,Home Appliances,FakeLuxeAura,331
Keyboard,Sports & Recreation,FakeZenithStyle,300
Dog Collar,Kitchen & Dining,FakeZenithStyle,980
Treadmill,Electronics,FakeVelvetVista,230
Camping Chair,Home Appliances,FakeEtherealEdge,243
Dog Leash,Home Appliances,FakeZenithStyle,599
Wetsuit,Toys & Games,FakeLuxeAura,775
Camera,Pets,FakeVelvetVista,556
Power Bank,Home Appliances,FakeZenithStyle,894
Pet Carrier,Home & Furniture,FakeEtherealEdge,946
Doll,Outdoor & Garden,FakeZenithStyle,385
Microwave,Kitchen & Dining,FakeUrbanGlow,226
Keyboard,Sports & Recreation,FakeEtherealEdge,687
Plant Pot,Pets,FakeEtherealEdge,493
Router,Pets,FakeEtherealEdge,464
Mattress,Home & Furniture,FakeUrbanGlow,543
Doll,Electronics,FakeLuxeAura,577
Bird Feeder,Health & Fitness,FakeLuxeAura,127
Ice Skates,Pets,FakeUrbanGlow,680
Electric Car,Arts & Crafts,FakeZenithStyle,677
Glasses,Health & Fitness,FakeLuxeAura,882
Headphones,Arts & Crafts,FakeLuxeAura,307
Helmet,Pets,FakeUrbanGlow,828
Dart Board,Sports & Recreation,FakeZenithStyle,915
Laser Printer,Electronics,FakeEtherealEdge,675
Ski Poles,Outdoor & Garden,FakeZenithStyle,665
Sewing Machine,Electronics,FakeZenithStyle,431
3D Printer,Toys & Games,FakeUrbanGlow,421
Helmet,Arts & Crafts,FakeZenithStyle,275
Toy Car,Home Appliances,FakeVelvetVista,150
Flashlight,Arts & Crafts,FakeZenithStyle,720
Surfboard,Sports & Recreation,FakeZenithStyle,346
Washing Machine,Electronics,FakeLuxeAura,816
Keyboard,Arts & Crafts,FakeVelvetVista,661
Lawn Mower,Kitchen & Dining,FakeEtherealEdge,151
Helmet,Home Appliances,FakeUrbanGlow,241
Fishing Rod,Outdoor & Garden,FakeEtherealEdge,775
Electric Shaver,Health & Fitness,FakeVelvetVista,296
Telescope,Pets,FakeVelvetVista,268
Bird Cage,Sports & Recreation,FakeEtherealEdge,525
Paddleboard,Electronics,FakeLuxeAura,399
Dog Leash,Arts & Crafts,FakeVelvetVista,555
Cat Litter Box,Sports & Recreation,FakeUrbanGlow,998
Board Game,Home & Furniture,FakeVelvetVista,945
Cat Tree,Kitchen & Dining,FakeVelvetVista,722
Hair Dryer,Electronics,FakeUrbanGlow,144
Fishing Rod,Kitchen & Dining,FakeVelvetVista,163
Game Console,Kitchen & Dining,FakeUrbanGlow,584
Laptop,Outdoor & Garden,FakeZenithStyle,558
Cat Litter Box,Sports & Recreation,FakeLuxeAura,594
Dehumidifier,Toys & Games,FakeLuxeAura,740
Smartwatch,Home & Furniture,FakeUrbanGlow,679
Electric Kettle,Kitchen & Dining,FakeUrbanGlow,984
Ski Poles,Sports & Recreation,FakeLuxeAura,398
Dumbbells,Electronics,FakeZenithStyle,709
Portable Charger,Home Appliances,FakeZenithStyle,705
Game Console,Outdoor & Garden,FakeLuxeAura,870
Snowboard,Home Appliances,FakeUrbanGlow,956
Blender,Arts & Crafts,FakeUrbanGlow,805
Tennis Racket,Toys & Games,FakeEtherealEdge,707
Cat Litter Box,Pets,FakeVelvetVista,420
Electric Car,Home Appliances,FakeZenithStyle,381
Snow Shovel,Arts & Crafts,FakeLuxeAura,741
Hiking Boots,Toys & Games,FakeVelvetVista,457
Blender,Kitchen & Dining,FakeEtherealEdge,515
Rain Jacket,Toys & Games,FakeZenithStyle,149
Soap,Home Appliances,FakeLuxeAura,314
Electric Scooter,Arts & Crafts,FakeUrbanGlow,613
Soccer Ball,Pets,FakeVelvetVista,713
Fan,Sports & Recreation,FakeEtherealEdge,179
Pet Feeder,Pets,FakeZenithStyle,992
Trekking Poles,Toys & Games,FakeEtherealEdge,820
Volleyball,Sports & Recreation,FakeUrbanGlow,554
Supplement,Pets,FakeZenithStyle,507
Pet Toy,Sports & Recreation,FakeEtherealEdge,426
Doll,Outdoor & Garden,FakeEtherealEdge,767
Flashlight,Kitchen & Dining,FakeLuxeAura,847
Soccer Ball,Sports & Recreation,FakeEtherealEdge,271
Treadmill,Home & Furniture,FakeZenithStyle,850
Backpacking Stove,Home Appliances,FakeUrbanGlow,552
Fan,Home & Furniture,FakeZenithStyle,405
Outdoor Umbrella,Electronics,FakeEtherealEdge,966
Keyboard,Electronics,FakeEtherealEdge,905
Aquarium,Home Appliances,FakeUrbanGlow,205
Electric Car,Toys & Games,FakeLuxeAura,585
Smartwatch,Sports & Recreation,FakeLuxeAura,549
Home Security Camera,Pets,FakeLuxeAura,360
Home Security Camera,Outdoor & Garden,FakeUrbanGlow,207
Fan,Health & Fitness,FakeLuxeAura,540
Golf Clubs,Toys & Games,FakeLuxeAura,439
Tablet,Home & Furniture,FakeZenithStyle,878
Pet Feeder,Kitchen & Dining,FakeEtherealEdge,377
Camping Chair,Pets,FakeUrbanGlow,101
Soccer Ball,Health & Fitness,FakeLuxeAura,145
Ski Goggles,Home Appliances,FakeUrbanGlow,557
External SSD,Electronics,FakeVelvetVista,710
Air Conditioner,Electronics,FakeUrbanGlow,766
Bird Feeder,Outdoor & Garden,FakeLuxeAura,479
Hiking Backpack,Outdoor & Garden,FakeZenithStyle,770
Speaker,Pets,FakeVelvetVista,584
Headphones,Toys & Games,FakeVelvetVista,868
Doll,Kitchen & Dining,FakeUrbanGlow,609
Memory Card,Home & Furniture,FakeVelvetVista,318
Earbuds,Pets,FakeZenithStyle,285
Fan,Pets,FakeVelvetVista,835
Telescope,Outdoor & Garden,FakeLuxeAura,103
Washing Machine,Electronics,FakeVelvetVista,865
Jacket,Pets,FakeEtherealEdge,191
Camping Chair,Home & Furniture,FakeLuxeAura,928
Ski Goggles,Home Appliances,FakeEtherealEdge,148
Pet Feeder,Home Appliances,FakeEtherealEdge,816
Golf Clubs,Health & Fitness,FakeUrbanGlow,967
Electric Kettle,Electronics,FakeZenithStyle,284
Rain Jacket,Kitchen & Dining,FakeUrbanGlow,694
Blender,Pets,FakeEtherealEdge,391
Speaker,Kitchen & Dining,FakeEtherealEdge,632
Fish Food,Home Appliances,FakeLuxeAura,919
Dog Leash,Health & Fitness,FakeEtherealEdge,752
Fan,Home & Furniture,FakeVelvetVista,864
Sleeping Pad,Kitchen & Dining,FakeVelvetVista,746
Action Figure,Arts & Crafts,FakeLuxeAura,170
Electric Shaver,Toys & Games,FakeLuxeAura,842
Speaker,Arts & Crafts,FakeLuxeAura,471
Printer,Sports & Recreation,FakeVelvetVista,237
Dart Board,Health & Fitness,FakeUrbanGlow,988
Cat Litter Box,Toys & Games,FakeEtherealEdge,401
Sheets,Electronics,FakeLuxeAura,960
Water Bottle,Arts & Crafts,FakeZenithStyle,156
Thermos,Arts & Crafts,FakeZenithStyle,196
Pillow,Electronics,FakeUrbanGlow,269
Plant Pot,Outdoor & Garden,FakeLuxeAura,128
Vacuum Cleaner,Home & Furniture,FakeZenithStyle,795
Dehumidifier,Home & Furniture,FakeVelvetVista,133
Craft Kit,Electronics,FakeLuxeAura,445
Router,Pets,FakeUrbanGlow,284
Robot Vacuum,Outdoor & Garden,FakeUrbanGlow,119
Pet Feeder,Home Appliances,FakeLuxeAura,786
Outdoor Umbrella,Toys & Games,FakeVelvetVista,465
Washing Machine,Arts & Crafts,FakeZenithStyle,866
Fan,Outdoor & Garden,FakeLuxeAura,895
Hair Dryer,Home Appliances,FakeVelvetVista,616
Projector,Outdoor & Garden,FakeVelvetVista,638
Doll,Health & Fitness,FakeVelvetVista,837
Electric Scooter,Toys & Games,FakeZenithStyle,721
Vacuum Cleaner,Home & Furniture,FakeUrbanGlow,955
Tarp,Health & Fitness,FakeUrbanGlow,137
Board Game,Pets,FakeZenithStyle,111
Rain Jacket,Health & Fitness,FakeZenithStyle,230
Electric Kettle,Arts & Crafts,FakeUrbanGlow,533
BBQ Grill,Pets,FakeZenithStyle,990
Elliptical,Home & Furniture,FakeLuxeAura,223
Dog House,Sports & Recreation,FakeEtherealEdge,591
Water Filter,Kitchen & Dining,FakeVelvetVista,437
Tennis Racket,Health & Fitness,FakeLuxeAura,579
Sled,Arts & Crafts,FakeEtherealEdge,464
Laser Printer,Pets,FakeUrbanGlow,487
Memory Card,Health & Fitness,FakeUrbanGlow,978
Earbuds,Home & Furniture,FakeZenithStyle,446
Pet Toy,Electronics,FakeVelvetVista,933
Glasses,Toys & Games,FakeLuxeAura,480
Memory Card,Health & Fitness,FakeEtherealEdge,833
Backpack,Toys & Games,FakeEtherealEdge,429
Electric Car,Sports & Recreation,FakeUrbanGlow,258
Dehumidifier,Home & Furniture,FakeLuxeAura,315
Building Blocks,Health & Fitness,FakeUrbanGlow,779
Laptop,Kitchen & Dining,FakeZenithStyle,155
Thermos,Home & Furniture,FakeZenithStyle,416
Mattress,Outdoor & Garden,FakeZenithStyle,220
Kayak,Toys & Games,FakeLuxeAura,715
Projector,Toys & Games,FakeLuxeAura,106
Doll,Home Appliances,FakeLuxeAura,951
Elliptical,Arts & Crafts,FakeLuxeAura,701
Speaker,Home & Furniture,FakeZenithStyle,376
Binoculars,Outdoor & Garden,FakeUrbanGlow,214
Art Supplies,Pets,FakeEtherealEdge,336
Toothpaste,Toys & Games,FakeVelvetVista,727
Tablet,Outdoor & Garden,FakeZenithStyle,936
Dog Leash,Electronics,FakeUrbanGlow,661
Tackle Box,Outdoor & Garden,FakeVelvetVista,165
Projector,Toys & Games,FakeEtherealEdge,605
Doll,Health & Fitness,FakeUrbanGlow,763
Wi-Fi Extender,Pets,FakeLuxeAura,836
Treadmill,Pets,FakeEtherealEdge,972
Art Supplies,Kitchen & Dining,FakeVelvetVista,973
Stove,Home Appliances,FakeEtherealEdge,111
Golf Clubs,Home Appliances,FakeVelvetVista,826
Laptop,Arts & Crafts,FakeEtherealEdge,927
Hair Dryer,Health & Fitness,FakeEtherealEdge,482
External SSD,Outdoor & Garden,FakeVelvetVista,659
Soap,Outdoor & Garden,FakeVelvetVista,289
Antivirus,Electronics,FakeUrbanGlow,394
Toothpaste,Pets,FakeVelvetVista,166
Basketball,Pets,FakeUrbanGlow,604
Sewing Machine,Home & Furniture,FakeVelvetVista,610
Ping Pong Table,Kitchen & Dining,FakeUrbanGlow,453
Fitness Tracker,Home & Furniture,FakeVelvetVista,532
Earbuds,Kitchen & Dining,FakeEtherealEdge,584
Board Game,Sports & Recreation,FakeEtherealEdge,429
Hiking Boots,Home & Furniture,FakeVelvetVista,122
Dumbbells,Kitchen & Dining,FakeEtherealEdge,981
Patio Furniture,Toys & Games,FakeZenithStyle,156
Flashlight,Health & Fitness,FakeEtherealEdge,930
Art Supplies,Home & Furniture,FakeUrbanGlow,479
Dumbbells,Toys & Games,FakeVelvetVista,124
Garden Hose,Kitchen & Dining,FakeZenithStyle,410
Bird Cage,Home Appliances,FakeUrbanGlow,491
Router,Home & Furniture,FakeZenithStyle,556
Basketball,Sports & Recreation,FakeUrbanGlow,198
Portable Hard Drive,Outdoor & Garden,FakeUrbanGlow,202
Snorkel Gear,Home Appliances,FakeZenithStyle,372
Grill,Health & Fitness,FakeVelvetVista,778
Backpack,Home & Furniture,FakeEtherealEdge,379
Camping Tent,Pets,FakeLuxeAura,822
Fishing Rod,Home Appliances,FakeVelvetVista,333
Cat Tree,Outdoor & Garden,FakeLuxeAura,729
Wi-Fi Extender,Pets,FakeLuxeAura,615
Baseball Glove,Health & Fitness,FakeZenithStyle,306
Fan,Outdoor & Garden,FakeLuxeAura,962
Fishing Rod,Electronics,FakeEtherealEdge,256
Electric Kettle,Home & Furniture,FakeUrbanGlow,149
Monitor,Kitchen & Dining,FakeLuxeAura,608
Projector,Toys & Games,FakeZenithStyle,178
Puzzle,Health & Fitness,FakeUrbanGlow,450
Tent,Health & Fitness,FakeVelvetVista,792
Dog House,Home & Furniture,FakeEtherealEdge,338
Pillow,Pets,FakeVelvetVista,252
Treadmill,Sports & Recreation,FakeEtherealEdge,250
Ice Skates,Pets,FakeLuxeAura,503
Basketball,Arts & Crafts,FakeEtherealEdge,649
Camping Tent,Outdoor & Garden,FakeEtherealEdge,551
Smartwatch,Electronics,FakeEtherealEdge,644
Game Console,Electronics,FakeLuxeAura,302
Doll,Electronics,FakeLuxeAura,142
Trekking Poles,Home & Furniture,FakeUrbanGlow,889
Drone,Outdoor & Garden,FakeUrbanGlow,609
Tennis Racket,Toys & Games,FakeZenithStyle,233
Plant Pot,Home & Furniture,FakeEtherealEdge,859
Pillow,Toys & Games,FakeUrbanGlow,956
Tablet,Outdoor & Garden,FakeUrbanGlow,902
Washing Machine,Home Appliances,FakeVelvetVista,322
Air Conditioner,Outdoor & Garden,FakeLuxeAura,551
Robot Vacuum,Arts & Crafts,FakeVelvetVista,460
Volleyball,Toys & Games,FakeLuxeAura,641
Baseball Glove,Home Appliances,FakeEtherealEdge,936
Electric Shaver,Outdoor & Garden,FakeVelvetVista,597
Fishing Rod,Toys & Games,FakeZenithStyle,346
Speaker,Kitchen & Dining,FakeZenithStyle,318
Supplement,Outdoor & Garden,FakeLuxeAura,310
Antivirus,Kitchen & Dining,FakeLuxeAura,568
Surfboard,Outdoor & Garden,FakeEtherealEdge,539
Helmet,Home & Furniture,FakeLuxeAura,410
Camping Tent,Electronics,FakeZenithStyle,424
Snow Shovel,Outdoor & Garden,FakeUrbanGlow,248
Mattress,Health & Fitness,FakeVelvetVista,601
Dog Leash,Home Appliances,FakeUrbanGlow,233
Hiking Boots,Electronics,FakeEtherealEdge,992
Electric Toothbrush,Pets,FakeEtherealEdge,241
Oven,Outdoor & Garden,FakeZenithStyle,439
Showerhead,Home Appliances,FakeEtherealEdge,927
Refrigerator,Pets,FakeEtherealEdge,247
Water Bottle,Sports & Recreation,FakeZenithStyle,829
Cat Litter Box,Toys & Games,FakeLuxeAura,554
Golf Clubs,Sports & Recreation,FakeEtherealEdge,382
Earbuds,Home & Furniture,FakeVelvetVista,215
Keyboard,Health & Fitness,FakeUrbanGlow,987
Cat Tree,Home Appliances,FakeEtherealEdge,374
Camping Chair,Home Appliances,FakeZenithStyle,772
Lawn Mower,Outdoor & Garden,FakeZenithStyle,516
Showerhead,Toys & Games,FakeVelvetVista,778
Golf Clubs,Pets,FakeEtherealEdge,988
Telescope,Pets,FakeUrbanGlow,232
Electric Toothbrush,Sports & Recreation,FakeUrbanGlow,680
Patio Furniture,Arts & Crafts,FakeVelvetVista,862
Drone,Sports & Recreation,FakeLuxeAura,515
Smart Light,Home & Furniture,FakeUrbanGlow,723
Craft Kit,Pets,FakeVelvetVista,666
Toy Car,Kitchen & Dining,FakeUrbanGlow,160
Fire Pit,Kitchen & Dining,FakeUrbanGlow,885
Dumbbells,Outdoor & Garden,FakeEtherealEdge,233
Ice Skates,Toys & Games,FakeVelvetVista,100
Aquarium,Sports & Recreation,FakeLuxeAura,901
Projector,Home & Furniture,FakeUrbanGlow,484
Vacuum Cleaner,Toys & Games,FakeLuxeAura,108
Smart Light,Toys & Games,FakeLuxeAura,174
Sheets,Pets,FakeEtherealEdge,425
